{"iterations": [0, 1000, 2000, 3000, 4000], "train_losses": [3.3825, 1.2652, 1.2539, 1.2515, 1.2405244410037994], "val_losses": [3.3037, 1.1791, 1.1498, 1.1448, 1.1378562563657761], "elapsed_time": 580.87, "vocab_size": 40}