{"iterations": [0, 1000, 2000, 3000, 4000], "train_losses": [1.5368, 1.3146, 1.3123, 1.3104, 1.3100621557235719], "val_losses": [1.5394, 1.3167, 1.3146, 1.3121, 1.3118770456314086], "elapsed_time": 521.58, "vocab_size": 4}